mode,frequency_hz,eigenvalue,residual
1,0.240458,2.2826535606e+00,0.0000000000e+00
2,0.491052,9.5195059103e+00,0.0000000000e+00
3,0.499514,9.8504419997e+00,0.0000000000e+00
4,0.682214,1.8373902702e+01,0.0000000000e+00
5,0.957587,3.6200650521e+01,0.0000000000e+00
6,1.016772,4.0813765385e+01,0.0000000000e+00
7,1.084964,4.6471895459e+01,0.0000000000e+00
8,1.125738,5.0030440929e+01,0.0000000000e+00
9,1.352644,7.2231516395e+01,0.0000000000e+00
10,1.446331,8.2583876979e+01,0.0000000000e+00
